day,date,controller,mpc_status,mpc_score,forecast_used,candidates_evaluated,Reservoir_A_storage,Reservoir_A_gate,Reservoir_A_release,Reservoir_A_spill,Reservoir_A_inflow,Reservoir_B_storage,Reservoir_B_gate,Reservoir_B_release,Reservoir_B_spill,Reservoir_B_inflow,Reservoir_C_storage,Reservoir_C_gate,Reservoir_C_release,Reservoir_C_spill,Reservoir_C_inflow,Reservoir_D_storage,Reservoir_D_gate,Reservoir_D_release,Reservoir_D_spill,Reservoir_D_inflow,ds_flow
1,2025-01-01,MPC,CORRECTED,1.19,True,1296,5.41,0.0,0.0,0.0,0.0,13.68,0.5,5.0,0.0,8.05,177.25,0.0,0.0,0.0,3.1,210.8,0.0,0.0,0.0,10.08,0.0
2,2025-01-02,MPC,OPTIMAL,1.2422,True,1296,5.41,0.0,0.0,0.0,0.0,16.08,0.7,7.0,0.0,9.4,182.75,0.0,0.0,0.0,1.25,220.67,0.0,0.0,0.0,9.87,0.0
3,2025-01-03,MPC,OPTIMAL,0.7108,True,1296,5.41,0.0,0.0,0.0,0.0,15.79,0.7,7.0,0.0,6.71,191.95,0.0,0.0,0.0,3.25,227.04,0.0,0.0,0.0,6.37,0.0
4,2025-01-04,MPC,OPTIMAL,1.05,True,1296,5.41,0.0,0.0,0.0,0.0,17.59,0.7,7.0,0.0,8.8,200.38,0.0,0.0,0.0,2.48,244.31,0.0,0.0,0.0,17.27,0.0
5,2025-01-05,MPC,OPTIMAL,1.56,True,1296,5.41,0.0,0.0,0.0,0.0,16.98,1.0,10.0,0.0,9.39,207.54,0.0,0.0,0.0,1.21,258.53,0.0,0.0,0.0,14.22,0.0
6,2025-01-06,MPC,OPTIMAL,1.11,True,1296,5.41,0.0,0.0,0.0,0.0,12.18,0.7,7.0,0.0,2.2,219.14,0.0,0.0,0.0,3.1,271.78,0.0,0.0,0.0,13.25,0.0
7,2025-01-07,MPC,OPTIMAL,1.05,True,1296,5.41,0.0,0.0,0.0,0.0,16.09,0.7,7.0,0.0,10.91,225.74,0.0,0.0,0.0,0.65,290.4,0.0,0.0,0.0,18.62,0.0
8,2025-01-08,MPC,OPTIMAL,1.013,True,1296,5.41,0.0,0.0,0.0,0.0,13.25,0.5,5.0,0.0,2.16,233.81,0.0,0.0,0.0,2.12,299.53,0.0,0.0,0.0,9.13,0.0
9,2025-01-09,MPC,OPTIMAL,0.75,True,1296,5.41,0.0,0.0,0.0,0.0,16.52,0.5,5.0,0.0,8.27,240.81,0.0,0.0,0.0,2.75,313.15,0.0,0.0,0.0,13.62,0.0
10,2025-01-10,MPC,OPTIMAL,5.62,True,1296,5.41,0.0,0.0,0.0,0.0,17.76,0.7,7.0,0.0,8.24,246.61,0.0,0.0,0.0,1.55,300.59,0.15,30.0,0.0,17.44,30.0
11,2025-01-11,MPC,OPTIMAL,1.08,True,1296,6.42,0.0,0.0,0.0,1.01,16.35,0.7,7.0,0.0,5.59,257.98,0.0,0.0,0.0,5.42,316.57,0.0,0.0,0.0,15.98,0.0
12,2025-01-12,MPC,OPTIMAL,5.58,True,1296,7.43,0.0,0.0,0.0,1.01,16.27,0.7,7.0,0.0,6.92,271.12,0.0,0.0,0.0,7.19,298.36,0.15,30.0,0.0,11.79,30.0
13,2025-01-13,MPC,OPTIMAL,1.08,True,1296,8.44,0.0,0.0,0.0,1.01,17.64,0.7,7.0,0.0,8.37,277.07,0.0,0.0,0.0,0.0,306.44,0.0,0.0,0.0,8.08,0.0
14,2025-01-14,MPC,OPTIMAL,9.0407,True,1296,8.44,0.0,0.0,0.0,0.0,16.12,0.7,7.0,0.0,5.48,260.74,0.15,22.5,0.0,0.22,286.06,0.15,30.0,0.0,9.62,30.0
15,2025-01-15,MPC,OPTIMAL,1.2525,True,1296,8.7,0.15,0.75,0.0,1.01,14.69,0.7,7.0,0.0,5.57,268.78,0.0,0.0,0.0,2.09,313.59,0.0,0.0,0.0,9.53,0.0
16,2025-01-16,MPC,OPTIMAL,5.6925,True,1296,7.95,0.15,0.75,0.0,0.0,13.26,0.7,7.0,0.0,5.57,276.02,0.0,0.0,0.0,1.29,297.85,0.15,30.0,0.0,14.26,30.0
17,2025-01-17,MPC,OPTIMAL,0.85,True,1296,7.95,0.0,0.0,0.0,0.0,12.205,0.5,5.0,0.0,3.27,282.22,0.0,0.0,0.0,0.25,312.07,0.0,0.0,0.0,14.22,0.0
18,2025-01-18,MPC,OPTIMAL,6.1,True,1296,7.95,0.0,0.0,0.0,0.0,15.13,0.3,3.0,0.0,5.25,288.17,0.0,0.0,0.0,1.7,293.08,0.15,30.0,0.0,11.01,30.0
19,2025-01-19,MPC,OPTIMAL,9.1775,True,1296,9.02,0.15,0.75,0.0,1.82,16.82,0.7,7.0,0.0,8.69,274.49,0.15,22.5,0.0,6.27,271.67,0.15,30.0,0.0,8.59,30.0
20,2025-01-20,MPC,OPTIMAL,5.2218,True,1296,8.55,0.15,0.75,0.0,0.28,17.9,0.7,7.0,0.0,8.08,282.83,0.0,0.0,0.0,2.39,307.77,0.0,0.0,0.0,18.1,0.0
21,2025-01-21,MPC,OPTIMAL,9.0975,True,1296,8.08,0.15,0.75,0.0,0.28,15.905,0.7,7.0,0.0,4.33,270.79,0.15,22.5,0.0,4.51,291.77,0.15,30.0,0.0,14.0,30.0
22,2025-01-22,MPC,OPTIMAL,1.2225,True,1296,7.61,0.15,0.75,0.0,0.28,17.45,0.7,7.0,0.0,7.87,280.17,0.0,0.0,0.0,3.43,315.51,0.0,0.0,0.0,5.74,0.0
23,2025-01-23,MPC,OPTIMAL,9.015,True,1296,7.89,0.0,0.0,0.0,0.28,15.545,0.7,7.0,0.0,4.42,270.3,0.15,22.5,0.0,6.68,299.71,0.15,30.0,0.0,14.2,30.0
24,2025-01-24,MPC,OPTIMAL,5.7225,True,1296,7.52,0.15,0.75,0.0,0.38,15.28,0.7,7.0,0.0,6.06,277.69,0.0,0.0,0.0,1.44,295.28,0.15,30.0,0.0,7.57,30.0
25,2025-01-25,MPC,OPTIMAL,8.725,True,1296,7.67,0.0,0.0,0.0,0.15,14.7,0.5,5.0,0.0,4.42,265.49,0.15,22.5,0.0,4.35,269.79,0.15,30.0,0.0,4.51,30.0
26,2025-01-26,MPC,OPTIMAL,0.81,True,1296,8.16,0.0,0.0,0.0,0.49,14.135,0.5,5.0,0.0,3.76,269.74,0.0,0.0,0.0,0.0,291.0,0.0,0.0,0.0,3.21,0.0
27,2025-01-27,MPC,OPTIMAL,0.49,True,1296,8.21,0.0,0.0,0.0,0.05,15.555,0.3,3.0,0.0,4.42,279.42,0.0,0.0,0.0,5.43,296.0,0.0,0.0,0.0,5.0,0.0
28,2025-01-28,MPC,OPTIMAL,4.7419,True,1296,8.21,0.0,0.0,0.0,0.0,15.365,0.5,5.0,0.0,4.81,284.19,0.0,0.0,0.0,2.22,300.1,0.0,0.0,0.0,4.1,0.0
29,2025-01-30,MPC,OPTIMAL,8.425,True,1296,8.21,0.0,0.0,0.0,0.0,16.235,0.3,3.0,0.0,3.87,273.31,0.15,22.5,0.0,7.37,273.95,0.15,30.0,0.0,3.85,30.0
30,2025-01-31,MPC,OPTIMAL,0.85,True,1296,8.21,0.0,0.0,0.0,0.0,16.195,0.5,5.0,0.0,4.96,281.73,0.0,0.0,0.0,5.87,297.99,0.0,0.0,0.0,6.04,0.0
31,2025-02-01,MPC,OPTIMAL,8.685,True,1296,8.21,0.0,0.0,0.0,0.0,16.765,0.5,5.0,0.0,5.57,274.5,0.15,22.5,0.0,11.02,283.08,0.15,30.0,0.0,15.09,30.0
32,2025-02-03,MPC,OPTIMAL,0.81,True,1296,8.21,0.0,0.0,0.0,0.0,15.645,0.5,5.0,0.0,3.88,278.75,0.0,0.0,0.0,0.0,321.45,0.0,0.0,0.0,20.37,0.0
33,2025-02-12,MPC,OPTIMAL,6.4963,True,1296,8.21,0.0,0.0,0.0,0.0,17.925,0.3,3.0,0.0,5.28,288.69,0.0,0.0,0.0,5.69,323.67,0.0,0.0,0.0,2.22,0.0
34,2025-02-13,MPC,OPTIMAL,8.385,True,1296,8.21,0.0,0.0,0.0,0.0,17.265,0.3,3.0,0.0,2.34,273.49,0.15,22.5,0.0,4.75,302.12,0.15,30.0,0.0,8.45,30.0
35,2025-02-14,MPC,OPTIMAL,0.51,True,1296,8.21,0.0,0.0,0.0,0.0,14.525,0.3,3.0,0.0,0.26,276.04,0.0,0.0,0.0,0.0,322.81,0.0,0.0,0.0,2.69,0.0
36,2025-02-15,MPC,OPTIMAL,0.255,True,1296,8.21,0.0,0.0,0.0,0.0,14.585,0.15,1.5,0.0,1.56,278.59,0.0,0.0,0.0,0.0,330.44,0.0,0.0,0.0,7.63,0.0
37,2025-02-16,MPC,OPTIMAL,4.755,True,1296,8.21,0.0,0.0,0.0,0.0,14.445,0.15,1.5,0.0,1.36,279.965,0.0,0.0,0.0,0.1,306.33,0.15,30.0,0.0,5.89,30.0
38,2025-02-17,MPC,OPTIMAL,0.255,True,1296,8.21,0.0,0.0,0.0,0.0,13.685,0.15,1.5,0.0,0.74,282.6,0.0,0.0,0.0,1.36,310.42,0.0,0.0,0.0,4.09,0.0
39,2025-02-18,MPC,OPTIMAL,0.225,True,1296,8.21,0.0,0.0,0.0,0.0,16.875,0.15,1.5,0.0,4.69,288.565,0.0,0.0,0.0,4.69,311.77,0.0,0.0,0.0,1.35,0.0
40,2025-02-20,MPC,OPTIMAL,1.1123,True,1296,8.21,0.0,0.0,0.0,0.0,17.215,0.15,1.5,0.0,1.84,290.61,0.0,0.0,0.0,0.77,314.5601,0.0,0.0,0.0,2.79,0.0
41,2025-02-21,MPC,OPTIMAL,8.415,True,1296,8.21,0.0,0.0,0.0,0.0,17.275,0.3,3.0,0.0,3.06,269.425,0.15,22.5,0.0,0.04,288.98,0.15,30.0,0.0,4.42,30.0
42,2025-02-22,MPC,OPTIMAL,0.315,True,1296,8.21,0.0,0.0,0.0,0.0,16.085,0.15,1.5,0.0,0.31,273.085,0.0,0.0,0.0,1.11,319.4001,0.0,0.0,0.0,12.42,0.0
43,2025-02-24,MPC,OPTIMAL,0.225,True,1296,8.21,0.0,0.0,0.0,0.0,16.805,0.15,1.5,0.0,2.22,277.78,0.0,0.0,0.0,3.42,321.8401,0.0,0.0,0.0,2.44,0.0
44,2025-04-08,MPC,CORRECTED,10.555,True,1296,10.65,0.5,2.5,0.0,4.94,21.235,0.65,6.5,0.0,10.93,259.065,0.15,22.5,0.0,2.51,305.7501,0.15,30.0,0.0,13.91,30.0
45,2025-06-08,MPC,OPTIMAL,1.189,True,1296,9.25,0.3,1.5,0.0,0.1,17.225,0.5,5.0,0.0,0.99,264.59,0.0,0.0,0.0,0.0,323.7501,0.0,0.0,0.0,0.0,0.0
46,2025-06-09,MPC,OPTIMAL,0.715,True,1296,7.91,0.3,1.5,0.0,0.16,17.535,0.3,3.0,0.0,1.06,268.84,0.0,0.0,0.0,0.0,323.7501,0.0,0.0,0.0,0.0,0.0
47,2025-06-10,MPC,OPTIMAL,0.5925,True,1296,7.29,0.15,0.75,0.0,0.13,17.535,0.3,3.0,0.0,1.65,271.39,0.0,0.0,0.0,0.0,323.7501,0.0,0.0,0.0,0.0,0.0
48,2025-06-11,MPC,OPTIMAL,8.755,True,1296,7.48,0.0,0.0,0.0,0.19,17.105,0.5,5.0,0.0,3.22,261.88,0.15,22.5,0.0,10.44,310.8501,0.15,30.0,0.0,17.1,30.0
49,2025-06-12,MPC,OPTIMAL,5.02,True,1296,7.54,0.0,0.0,0.0,0.06,16.18,0.3,3.0,0.0,1.4,272.12,0.0,0.0,0.0,5.99,310.6601,0.15,30.0,0.0,11.81,30.0
50,2025-06-13,MPC,OPTIMAL,8.355,True,1296,7.76,0.0,0.0,0.0,0.22,15.16,0.3,3.0,0.0,1.98,260.02,0.15,22.5,0.0,7.85,295.1201,0.15,30.0,0.0,14.46,30.0
51,2025-06-14,MPC,OPTIMAL,6.0917,True,1296,8.11,0.0,0.0,0.0,0.35,14.38,0.3,3.0,0.0,2.22,274.1,0.0,0.0,0.0,11.53,301.6601,0.15,30.0,0.0,18.54,30.0
52,2025-06-16,MPC,OPTIMAL,8.8375,True,1296,8.57,0.15,0.75,0.0,1.21,14.06,0.5,5.0,0.0,4.68,274.26,0.15,22.5,0.0,20.11,302.1201,0.15,30.0,0.0,30.46,30.0
53,2025-06-17,MPC,OPTIMAL,9.7681,True,1296,7.71,0.3,1.5,0.0,0.64,12.06,0.7,7.0,0.0,5.0,274.35,0.15,22.5,0.0,18.34,322.7701,0.15,30.0,0.0,32.65,30.0
54,2025-06-18,MPC,OPTIMAL,32.5172,True,1296,7.6,0.15,0.75,0.0,0.64,11.405,0.5,5.0,0.0,3.67,274.3,0.15,22.5,0.0,16.5,326.1401,0.15,30.0,0.0,15.37,30.0
55,2025-06-20,MPC,OPTIMAL,10.2742,True,1296,7.23,0.15,0.75,0.0,0.38,12.835,0.3,3.0,0.0,3.08,267.79,0.15,22.5,0.0,11.74,332.3301,0.15,30.0,0.0,18.19,30.0
56,2025-06-29,MPC,OPTIMAL,83.2325,True,1296,7.48,0.0,0.0,0.0,0.25,14.42,0.3,3.0,0.0,3.91,283.25,0.0,0.0,0.0,12.91,344.1901,0.15,30.0,0.0,23.86,30.0
57,2025-06-30,MPC,OPTIMAL,25.7954,True,1296,7.7,0.0,0.0,0.0,0.22,14.875,0.3,3.0,0.0,2.78,271.21,0.15,22.5,0.0,7.91,331.4401,0.15,30.0,0.0,17.25,30.0
58,2025-07-01,MPC,OPTIMAL,7.595,True,1296,7.86,0.0,0.0,0.0,0.16,14.795,0.3,3.0,0.0,2.92,258.98,0.15,22.5,0.0,7.72,333.3601,0.15,30.0,0.0,13.92,30.0
59,2025-07-02,MPC,OPTIMAL,5.5135,True,1296,8.02,0.0,0.0,0.0,0.16,14.195,0.3,3.0,0.0,2.4,270.73,0.0,0.0,0.0,9.2,335.0301,0.15,30.0,0.0,13.67,30.0
60,2025-07-03,MPC,OPTIMAL,8.355,True,1296,8.15,0.0,0.0,0.0,0.13,13.295,0.3,3.0,0.0,2.1,258.1601,0.15,22.5,0.0,7.38,315.9001,0.15,30.0,0.0,10.87,30.0
61,2025-07-04,MPC,OPTIMAL,4.785,True,1296,8.28,0.0,0.0,0.0,0.13,13.755,0.15,1.5,0.0,1.96,267.0201,0.0,0.0,0.0,6.31,312.6401,0.15,30.0,0.0,8.74,30.0
62,2025-07-05,MPC,OPTIMAL,5.8988,True,1296,8.41,0.0,0.0,0.0,0.13,14.335,0.15,1.5,0.0,2.08,275.8351,0.0,0.0,0.0,7.54,291.7001,0.15,30.0,0.0,9.06,30.0
63,2025-07-06,MPC,OPTIMAL,8.13,True,1296,8.51,0.0,0.0,0.0,0.1,14.7951,0.15,1.5,0.0,1.96,261.4501,0.15,22.5,0.0,6.84,270.3501,0.15,30.0,0.0,8.65,30.0
64,2025-07-07,MPC,OPTIMAL,0.4075,True,1296,8.67,0.0,0.0,0.0,0.16,15.2551,0.15,1.5,0.0,1.96,270.4751,0.0,0.0,0.0,7.75,296.7301,0.0,0.0,0.0,8.38,0.0
65,2025-07-08,MPC,OPTIMAL,5.7357,True,1296,8.05,0.15,0.75,0.0,0.13,15.7151,0.15,1.5,0.0,1.96,277.8701,0.0,0.0,0.0,6.12,303.8901,0.0,0.0,0.0,7.16,0.0
66,2025-07-09,MPC,OPTIMAL,8.445,True,1296,8.21,0.0,0.0,0.0,0.16,14.9051,0.3,3.0,0.0,2.19,263.0451,0.15,22.5,0.0,6.4,282.0001,0.15,30.0,0.0,8.11,30.0
67,2025-07-10,MPC,OPTIMAL,0.315,True,1296,8.34,0.0,0.0,0.0,0.13,16.1501,0.15,1.5,0.0,2.07,271.4951,0.0,0.0,0.0,5.9,308.8901,0.0,0.0,0.0,8.89,0.0
68,2025-07-11,MPC,OPTIMAL,8.262,True,1296,8.37,0.0,0.0,0.0,0.03,16.8401,0.15,1.5,0.0,2.19,257.6101,0.15,22.5,0.0,7.34,286.9301,0.15,30.0,0.0,8.04,30.0
69,2025-07-12,MPC,OPTIMAL,0.54,True,1296,8.43,0.0,0.0,0.0,0.06,15.9101,0.3,3.0,0.0,2.07,266.7451,0.0,0.0,0.0,7.86,315.5301,0.0,0.0,0.0,10.6,0.0
70,2025-07-13,MPC,OPTIMAL,8.385,True,1296,8.56,0.0,0.0,0.0,0.13,15.2101,0.3,3.0,0.0,2.3,254.2551,0.15,22.5,0.0,7.46,294.3801,0.15,30.0,0.0,8.85,30.0
71,2025-07-14,MPC,OPTIMAL,0.6525,True,1296,8.0,0.15,0.75,0.0,0.19,14.2801,0.3,3.0,0.0,2.07,266.9451,0.0,0.0,0.0,10.14,321.5001,0.0,0.0,0.0,9.12,0.0
72,2025-07-16,MPC,OPTIMAL,8.22,True,1296,8.19,0.0,0.0,0.0,0.19,14.6501,0.15,1.5,0.0,1.87,262.6551,0.15,22.5,0.0,15.66,309.2601,0.15,30.0,0.0,17.76,30.0
73,2025-07-18,MPC,OPTIMAL,8.1,True,1296,8.29,0.0,0.0,0.0,0.1,15.0651,0.15,1.5,0.0,1.24,250.1401,0.15,22.5,0.0,8.71,313.4301,0.15,30.0,0.0,16.17,30.0
74,2025-08-22,MPC,OPTIMAL,4.8975,True,1296,7.89,0.15,0.75,0.0,0.35,15.2151,0.15,1.5,0.0,1.65,258.8451,0.0,0.0,0.0,7.43,309.1201,0.15,30.0,0.0,7.69,30.0
