reservoir,datetime,water_level_m,inflow_cumec,outflow_cumec,source_page,notes
Idukki,2018-06-01 06:00,712.93,,,CWC-Report-p26,"Water level at start of June 2018 (pre-monsoon)"
Idukki,2018-07-17 06:00,731.82,,,CWC-Report-Fig4,"Mentioned in CWC Fig.4 narrative - level before gates opened"
Idukki,2018-08-09 00:00,,,,"CWC-Report-p28","Gates of Idukki dam opened for first time in 26 years"
Idukki,2018-08-15 06:00,740.60,,,CWC-Report-Fig4,"Near FRL (Full Reservoir Level = 740.6 m)"
Idukki,2018-08-15 18:00,,~2500,~1500,CWC-Report-p30,"Approximate peak inflow and release during Aug 15-16"
Idukki,2018-08-16 00:00,,~2500,,CWC-Report-Fig4,"Peak inflow period"
Idamalayar,2018-08-09 06:00,163.00,,,CWC-Report-Fig5,"Pre-flood level"
Idamalayar,2018-08-15 06:00,169.00,,,CWC-Report-Fig5,"Approaching FRL (169 m)"
Idamalayar,2018-08-15 18:00,,~800,~600,CWC-Report-Fig5,"Approximate peak flows during Aug 15-16"
