reservoir,target_date,target_water_level,lag_1_water_level,baseline_prediction,ml_prediction
Anathode,2025-08-25,976.33,976.59,976.59,977.4352263623925
Kallarkutty,2025-06-18,456.35,456.5,456.5,456.77681962340097
Kallarkutty,2025-06-19,456.25,456.35,456.35,456.36807675449137
Kallarkutty,2025-06-20,456.2,456.25,456.25,456.574265887081
Kallarkutty,2025-06-21,456.2,456.2,456.2,456.6013954487725
Kallarkutty,2025-06-23,456.25,456.2,456.2,456.2804062065427
Kallarkutty,2025-06-30,456.3,456.3,456.3,456.406843891956
Kallarkutty,2025-07-01,456.15,456.3,456.3,456.1475006056603
Kallarkutty,2025-07-02,456.4,456.15,456.15,456.1554049839198
Kallarkutty,2025-07-03,456.35,456.4,456.4,456.38365904897864
Kallarkutty,2025-07-04,456.15,456.35,456.35,456.175927379375
Kallarkutty,2025-07-05,456.2,456.15,456.15,455.7718714141281
Kallarkutty,2025-07-06,456.2,456.2,456.2,456.28085353434244
Kallarkutty,2025-07-07,456.45,456.2,456.2,456.16387709438317
Kallarkutty,2025-07-08,456.2,456.45,456.45,456.02904108506937
Kallarkutty,2025-07-09,456.3,456.2,456.2,456.3574324928705
Kallarkutty,2025-07-10,456.2,456.3,456.3,456.3296708613052
Kallarkutty,2025-07-11,456.15,456.2,456.2,456.36149757193084
Kallarkutty,2025-07-12,456.5,456.15,456.15,456.43818304329
Kallarkutty,2025-07-13,456.35,456.5,456.5,456.4593642256836
Kallarkutty,2025-07-14,456.15,456.35,456.35,456.54843448795003
Kallarkutty,2025-07-15,456.05,456.15,456.15,456.0945296192043
Kallarkutty,2025-07-16,456.25,456.05,456.05,456.6541294245757
Kallarkutty,2025-07-17,456.15,456.25,456.25,456.54836210737017
Kallarkutty,2025-07-18,456.25,456.15,456.15,456.11869966674294
Kallarkutty,2025-07-19,456.15,456.25,456.25,456.0266303601892
Kallarkutty,2025-07-20,456.25,456.15,456.15,456.5557673493572
Kallarkutty,2025-07-21,456.3,456.25,456.25,456.32129649166393
Kallarkutty,2025-07-23,456.35,456.3,456.3,456.54483203771036
Kallarkutty,2025-08-23,456.15,456.45,456.45,456.04266142948416
Kallarkutty,2025-08-25,456.45,456.15,456.15,456.02587050756426
Kundala,2025-10-21,1758.15,1758.25,1758.25,1758.0568242268698
Mattupetty,2025-08-23,1598.15,1598.15,1598.15,1598.3030728283998
Mattupetty,2025-08-25,1598.0,1598.15,1598.15,1598.224234086041
Mattupetty,2025-10-21,1596.6,1596.35,1596.35,1596.6844500330744
Moozhiyar,2025-06-12,191.8,191.5,191.5,190.68542299516713
Moozhiyar,2025-06-13,190.8,191.8,191.8,190.71284120796076
Moozhiyar,2025-06-14,189.55,190.8,190.8,189.42366500610828
Moozhiyar,2025-06-15,191.6,189.55,189.55,189.72976567953629
Moozhiyar,2025-06-16,191.6,191.6,191.6,190.14002903927144
Moozhiyar,2025-06-17,189.5,191.6,191.6,191.46533453506285
Moozhiyar,2025-06-18,188.8,189.5,189.5,190.16865137406737
Moozhiyar,2025-06-19,189.8,188.8,188.8,188.4307452367672
Moozhiyar,2025-06-20,190.25,189.8,189.8,188.6951815613277
Moozhiyar,2025-06-21,190.25,190.25,190.25,188.95258339719692
Moozhiyar,2025-06-23,190.95,190.25,190.25,189.13361548636334
Moozhiyar,2025-06-30,190.8,190.0,190.0,189.88658245031024
Moozhiyar,2025-07-01,191.1,190.8,190.8,188.58798040303
Moozhiyar,2025-07-02,191.2,191.1,191.1,190.95841874888882
Moozhiyar,2025-07-03,191.7,191.2,191.2,191.06315576916012
Moozhiyar,2025-07-04,190.15,191.7,191.7,190.72230472797503
Moozhiyar,2025-07-05,191.2,190.15,190.15,189.42300301913775
Moozhiyar,2025-07-06,190.6,191.2,191.2,189.40959438418182
Moozhiyar,2025-07-07,190.35,190.6,190.6,189.39334173614137
Moozhiyar,2025-07-08,191.7,190.35,190.35,188.33522930168473
Moozhiyar,2025-07-09,192.5,191.7,191.7,189.9560528105768
Moozhiyar,2025-07-10,192.35,192.5,192.5,190.86509692033007
Moozhiyar,2025-07-11,191.65,192.35,192.35,190.86929232559154
Moozhiyar,2025-07-12,192.0,191.65,191.65,190.6842399772001
Moozhiyar,2025-07-13,191.95,192.0,192.0,190.49728005917427
Moozhiyar,2025-07-14,191.9,191.95,191.95,190.82888620030255
Moozhiyar,2025-07-15,192.0,191.9,191.9,190.76005335241416
Moozhiyar,2025-07-16,192.3,192.0,192.0,190.78361819063443
Moozhiyar,2025-07-17,192.35,192.3,192.3,190.68394449563934
Moozhiyar,2025-07-18,192.1,192.35,192.35,190.70683351933343
Moozhiyar,2025-07-19,191.85,192.1,192.1,191.33493486255114
Moozhiyar,2025-07-20,191.8,191.85,191.85,191.2596306855708
Moozhiyar,2025-07-21,192.3,191.8,191.8,191.04280299885073
Moozhiyar,2025-07-23,192.0,192.3,192.3,191.4040445530426
Pambla,2025-06-18,252.8,253.0,253.0,413.7936040385128
Pambla,2025-06-19,252.8,252.8,252.8,413.3859193367309
Pambla,2025-06-20,252.8,252.8,252.8,413.6890569950936
Pambla,2025-06-21,252.8,252.8,252.8,413.6944978030423
Pambla,2025-06-23,252.9,252.8,252.8,413.44578694922916
Pambla,2025-06-30,252.8,253.0,253.0,413.41410563216965
Pambla,2025-07-01,252.9,252.8,252.8,413.427991193822
Pambla,2025-07-02,253.0,252.9,252.9,413.57081150289133
Pambla,2025-07-03,252.9,253.0,253.0,413.287695411318
Pambla,2025-07-04,252.8,252.9,252.9,413.26926534000927
Pambla,2025-07-05,253.0,252.8,252.8,413.3879288186346
Pambla,2025-07-06,253.0,253.0,253.0,413.1608820743287
Pambla,2025-07-07,252.9,253.0,253.0,413.01684918242336
Pambla,2025-07-08,253.0,252.9,252.9,413.14540074045584
Pambla,2025-07-09,253.0,253.0,253.0,413.10548617973785
Pambla,2025-07-10,253.0,253.0,253.0,413.1396851887234
Pambla,2025-07-11,253.0,253.0,253.0,412.9896247070539
Pambla,2025-07-12,252.8,253.0,253.0,413.12428045489935
Pambla,2025-07-13,252.8,252.8,252.8,413.27189283171214
Pambla,2025-07-14,252.8,252.8,252.8,413.0500499482579
Pambla,2025-07-15,253.0,252.8,252.8,413.1112912532793
Pambla,2025-07-16,253.0,253.0,253.0,413.0124512463997
Pambla,2025-07-17,252.8,253.0,253.0,413.18723417100585
Pambla,2025-07-18,252.9,252.8,252.8,413.2175612564963
Pambla,2025-07-19,253.0,252.9,252.9,413.28225507403613
Pambla,2025-07-20,252.8,253.0,253.0,413.2764142001338
Pambla,2025-07-21,252.9,252.8,252.8,413.2247343417742
Pambla,2025-07-23,252.9,252.9,252.9,413.3382199558835
Pambla,2025-08-23,252.3,252.6,252.6,413.23775963416796
Pambla,2025-08-25,248.6,252.3,252.3,413.06850855395663
Ponmudi,2025-06-30,706.8,706.75,706.75,707.9636413460929
Ponmudi,2025-07-01,706.8,706.8,706.8,708.1974620829772
Ponmudi,2025-07-02,706.8,706.8,706.8,708.1665137791286
Ponmudi,2025-07-03,706.75,706.8,706.8,708.2018324318815
Ponmudi,2025-07-04,706.65,706.75,706.75,707.7784780568679
Ponmudi,2025-07-05,706.5,706.65,706.65,707.836380501504
Ponmudi,2025-07-06,706.35,706.5,706.5,707.9373232860999
Ponmudi,2025-07-07,706.15,706.35,706.35,707.9394173389693
Ponmudi,2025-07-08,705.95,706.15,706.15,707.0305003363256
Ponmudi,2025-07-09,705.75,705.95,705.95,707.0993290169503
Ponmudi,2025-07-10,705.65,705.75,705.75,706.831865619575
Ponmudi,2025-07-11,705.5,705.65,705.65,706.8655167476048
Ponmudi,2025-07-12,705.4,705.5,705.5,706.8186823693312
Ponmudi,2025-07-13,705.25,705.4,705.4,706.8035280314527
Ponmudi,2025-07-14,705.2,705.25,705.25,706.3213463733488
Ponmudi,2025-07-15,705.05,705.2,705.2,706.326595144703
Ponmudi,2025-07-16,704.85,705.05,705.05,706.0955496445747
Ponmudi,2025-07-17,704.9,704.85,704.85,706.1020828625677
Poringalkuthu,2025-06-30,420.15,419.5,419.5,419.17525072309326
Poringalkuthu,2025-07-01,420.05,420.15,420.15,419.43461782483166
Poringalkuthu,2025-07-02,419.9,420.05,420.05,419.4033249709301
Poringalkuthu,2025-07-03,419.9,419.9,419.9,419.45807958178534
Poringalkuthu,2025-07-04,419.8,419.9,419.9,419.0615916551993
Poringalkuthu,2025-07-05,419.8,419.8,419.8,419.25894325648704
Poringalkuthu,2025-07-06,419.75,419.8,419.8,418.9446188486249
Poringalkuthu,2025-07-07,419.9,419.75,419.75,419.05229338551675
Poringalkuthu,2025-07-08,419.9,419.9,419.9,418.99322814624264
Poringalkuthu,2025-07-09,419.75,419.9,419.9,419.01482654610726
Poringalkuthu,2025-07-10,419.75,419.75,419.75,419.13789485562575
Poringalkuthu,2025-07-11,419.9,419.75,419.75,419.0447029342759
Poringalkuthu,2025-07-12,419.95,419.9,419.9,419.0446643576696
Poringalkuthu,2025-07-13,419.85,419.95,419.95,419.25956651850413
Poringalkuthu,2025-07-14,419.7,419.85,419.85,419.2445128970867
Poringalkuthu,2025-07-15,419.65,419.7,419.7,419.1869701805113
Poringalkuthu,2025-07-16,419.75,419.65,419.65,419.1535150915379
Poringalkuthu,2025-07-17,420.2,419.75,419.75,419.01894176629287
Poringalkuthu,2025-07-18,420.0,420.2,420.2,419.24128791173837
Poringalkuthu,2025-07-19,420.0,420.0,420.0,419.10082955372036
Poringalkuthu,2025-07-20,420.15,420.0,420.0,419.2767797913787
Poringalkuthu,2025-07-21,420.1,420.15,420.15,419.3759168609566
Poringalkuthu,2025-07-23,420.0,420.1,420.1,419.0879091245145
Poringalkuthu,2025-08-23,419.95,420.1,420.1,418.88733736910103
Poringalkuthu,2025-08-25,419.9,419.95,419.95,419.0113204437859
Sholayar,2025-08-23,811.68,811.65,811.65,811.5477820783286
Sholayar,2025-08-25,811.62,811.68,811.68,811.5325064707059
